{
    "sous_groupe" : [
        {
            "IUT":"IUTBM",
            "nom":"BUT R&T",
            "annee":"1ere Annee",
            "filiaire":"ALT",
            "horaires":[
                {
                    "matin":[
                        {
                            "lundi":"08H00",
                            "mardi":"09H30",
                            "mercredi":"08H00",
                            "jeudi":"08H00",
                            "vendredi":"08H00"
                        }
                    ],
                    "soir":[
                        {
                            "lundi":"16H30",
                            "mardi":"18H00",
                            "mercredi":"15H00",
                            "jeudi":"18H00",
                            "vendredi":"12H30"
                        }
                    ]
                }
            ]
        },
        {
            "IUT":"IUTBM",
            "nom":"BUT R&T",
            "annee":"2eme Annee",
            "filiaire":"ALT",
            "horaires":[
                {
                    "matin":[
                        {
                            "lundi":"08H00",
                            "mardi":"08H00",
                            "mercredi":"10H00",
                            "jeudi":"08H00",
                            "vendredi":"11H00"
                        }
                    ],
                    "soir":[
                        {
                            "lundi":"17H00",
                            "mardi":"18H00",
                            "mercredi":"17H00",
                            "jeudi":"18H00",
                            "vendredi":"17H00"
                        }
                    ]
                }
            ]
        },
        {
            "IUT":"IUTBM",
            "nom":"BUT R&T",
            "annee":"1ere Annee",
            "filiaire":"FI",
            "horaires":[
                {
                    "matin":[
                        {
                            "lundi":"09H00",
                            "mardi":"08H00",
                            "mercredi":"10H00",
                            "jeudi":"08H00",
                            "vendredi":"11H00"
                        }
                    ],
                    "soir":[
                        {
                            "lundi":"18H00",
                            "mardi":"17HH00",
                            "mercredi":"18H00",
                            "jeudi":"18H00",
                            "vendredi":"17H30"
                        }
                    ]
                }
            ]
        },
        {
            "IUT":"IUTBM",
            "nom":"BUT R&T",
            "annee":"2eme Annee",
            "filiaire":"FI",
            "horaires":[
                {
                    "matin":[
                        {
                            "lundi":"08H00",
                            "mardi":"08H00",
                            "mercredi":"11H00",
                            "jeudi":"09H30",
                            "vendredi":"08H00"
                        }
                    ],
                    "soir":[
                        {
                            "lundi":"16H30",
                            "mardi":"18H00",
                            "mercredi":"18H00",
                            "jeudi":"16H30",
                            "vendredi":"12H30"
                        }
                    ]
                }
            ]
        },
        {
            "IUT":"IUTBM",
            "nom":"BUT MMI",
            "annee":"1ere Annee",
            "filiaire":"FI",
            "horaires":[
                {
                    "matin":[
                        {
                            "lundi":"08H00",
                            "mardi":"09H30",
                            "mercredi":"08H00",
                            "jeudi":"08H00",
                            "vendredi":"08H00"
                        }
                    ],
                    "soir":[
                        {
                            "lundi":"16H30",
                            "mardi":"18H00",
                            "mercredi":"15H00",
                            "jeudi":"18H00",
                            "vendredi":"12H30"
                        }
                    ]
                }
            ]
        },
        
        {
            "IUT":"IUTBM",
            "nom":"BUT MMI",
            "annee":"2eme Annee",
            "filiaire":"FI",
            "horaires":[
                {
                    "matin":[
                        {
                            "lundi":"11H00",
                            "mardi":"09H30",
                            "mercredi":"10H00",
                            "jeudi":"08H00",
                            "vendredi":"09H30"
                        }
                    ],
                    "soir":[
                        {
                            "lundi":"18H00",
                            "mardi":"15H00",
                            "mercredi":"18H00",
                            "jeudi":"16H30",
                            "vendredi":"17H00"
                        }
                    ]
                }
            ]
        },
        {
            "IUT":"IUTBM",
            "nom":"BUT GACO",
            "annee":"1ere Annee",
            "filiaire":"FI",
            "horaires":[
                {
                    "matin":[
                        {
                            "lundi":"08H00",
                            "mardi":"08H30",
                            "mercredi":"08H00",
                            "jeudi":"11H00",
                            "vendredi":"09H30"
                        }
                    ],
                    "soir":[
                        {
                            "lundi":"17H30",
                            "mardi":"16H00",
                            "mercredi":"15H00",
                            "jeudi":"18H00",
                            "vendredi":"16H30"
                        }
                    ]
                }
            ]
        },
        {
            "IUT":"IUTBM",
            "nom":"BUT GACO",
            "annee":"2eme Annee",
            "filiaire":"FI",
            "horaires":[
                {
                    "matin":[
                        {
                            "lundi":"08H00",
                            "mardi":"09H30",
                            "mercredi":"11H00",
                            "jeudi":"08H00",
                            "vendredi":"08H00"
                        }
                    ],
                    "soir":[
                        {
                            "lundi":"16H30",
                            "mardi":"18H00",
                            "mercredi":"18H00",
                            "jeudi":"16H30",
                            "vendredi":"15H00"
                        }
                    ]
                }
            ]
        },
        {
            "IUT":"IUTBM",
            "nom":"IFMS",
            "annee":"1ere Annee",
            "filiaire":"FI",
            "horaires":[
                {
                    "matin":[
                        {
                            "lundi":"08H00",
                            "mardi":"11H00",
                            "mercredi":"08H00",
                            "jeudi":"08H00",
                            "vendredi":"09H30"
                        }
                    ],
                    "soir":[
                        {
                            "lundi":"16H30",
                            "mardi":"18H00",
                            "mercredi":"12H30",
                            "jeudi":"17H00",
                            "vendredi":"15H30"
                        }
                    ]
                }
            ]
        },{
            "IUT":"IUTBM",
            "nom":"IFMS",
            "annee":"2eme Annee",
            "filiaire":"FI",
            "horaires":[
                {
                    "matin":[
                        {
                            "lundi":"10H00",
                            "mardi":"13H30",
                            "mercredi":"08H00",
                            "jeudi":"09H30",
                            "vendredi":"08H00"
                        }
                    ],
                    "soir":[
                        {
                            "lundi":"18H00",
                            "mardi":"18H00",
                            "mercredi":"17H00",
                            "jeudi":"18H00",
                            "vendredi":"12H30"
                        }
                    ]
                }
            ]
        }

    ]
    
}